,mean_fit_time,std_fit_time,mean_score_time,std_score_time,param_classifier__alpha,params,split0_test_score,split1_test_score,split2_test_score,split3_test_score,split4_test_score,mean_test_score,std_test_score,rank_test_score
0,2.7175320625305175,0.4441368517438969,0.6136780261993409,0.2426197330601004,0.0001,{'classifier__alpha': 0.0001},0.4708333333333333,0.4708333333333333,0.459375,0.4583333333333333,0.43333333333333335,0.4585416666666666,0.013699401852311322,1
1,2.9704384326934816,0.1762161058308634,0.5729782581329346,0.05567517442488176,0.0003,{'classifier__alpha': 0.0003},0.4708333333333333,0.4708333333333333,0.459375,0.4583333333333333,0.43333333333333335,0.4585416666666666,0.013699401852311322,1
2,2.8993124961853027,0.24025959170736724,0.5772292613983154,0.036590749165682904,0.005,{'classifier__alpha': 0.005},0.4708333333333333,0.4708333333333333,0.459375,0.4583333333333333,0.43333333333333335,0.4585416666666666,0.013699401852311322,1
